{
	"scene": "cube",
	"light": {
        "type": "directional",
        "enabled": true,
        "color": {
            "r": 102,
            "g": 40,
            "b": 92
        },
        "intensity": 1.0,
        "minimum_exposure": 0.1,
        "model": "arrow.obj",
        "position": {
            "x": 0.07,
            "y": 0.15,
            "z": 0.47000000000000003
        },
        "rotation": {
            "x": -28.82203865457232,
            "y": 21.741555656980953,
            "z": 109.75987370009548
        },
        "direction": {
            "x": 0.3245333323392281,
            "y": 0.4820907072649036,
            "z": 0.8137976813493758
        },
        "up": {
            "x": -0.8137976813493751,
            "y": -0.2961981327260267,
            "z": 0.4999999999999952
        }
    },
	"models": {
		"cube.obj": {
			"instances":
			{
				"1": {
					"show": true,
					"translation": {
						"x": 0,
						"y": 0,
						"z": 1
					}
				}
			}
		}
	}
}