{
    "scene": "cube.json",
    "camera": {
        "default_position": {
            "x": 0.0,
            "y": 0.0,
            "z": 0.0
        },
        "translation": {
            "x": 0.0,
            "y": 0.0,
            "z": 0.0
        },
        "default_direction": {
            "x": 0.0,
            "y": 0.0,
            "z": 1.0
        },
        "direction": {
            "x": 0.0,
            "y": 0.0,
            "z": 1.0
        },
        "default_up": {
            "x": 0.0,
            "y": 1.0,
            "z": 0.0
        },
        "up": {
            "x": 0.0,
            "y": 1.0,
            "z": 0.0
        },
        "rotation": {
            "x": 0.0,
            "y": 0.0,
            "z": 0.0
        }
    },
    "bg_color": {
        "r": 0,
        "g": 0,
        "b": 0
    },
    "line_color": {
        "r": 0,
        "g": 255,
        "b": 0
    },
    "fill_color": {
        "r": 102,
        "g": 40,
        "b": 92
    },
    "light": {
        "type": "directional",
        "enabled": true,
        "color": {
            "r": 102,
            "g": 40,
            "b": 92
        },
        "intensity": 1.0,
        "minimum_exposure": 0.1,
        "model": "arrow.obj",
        "position": {
            "x": 0.07,
            "y": 0.15,
            "z": 0.47000000000000003
        },
        "rotation": {
            "x": -28.82203865457232,
            "y": 21.741555656980953,
            "z": 109.75987370009548
        },
        "direction": {
            "x": 0.3245333323392281,
            "y": 0.4820907072649036,
            "z": 0.8137976813493758
        },
        "up": {
            "x": -0.8137976813493751,
            "y": -0.2961981327260267,
            "z": 0.4999999999999952
        },
        "scale": {
            "x": 1.0,
            "y": 1.0,
            "z": 1.0
        }
    },
    "models": {
        "cube.obj": {
            "instances": {
                "1": {
                    "show": true,
                    "translation": {
                        "x": 0.0,
                        "y": 0.0,
                        "z": 1.0
                    },
                    "rotation": {
                        "y": 0.0,
                        "x": 0.0,
                        "z": 0.0
                    },
                    "scale": {
                        "x": 1.0,
                        "y": 1.0,
                        "z": 1.0
                    },
                    "model_to_world": [
                        [
                            1.0,
                            0.0,
                            0.0,
                            0.0
                        ],
                        [
                            0.0,
                            1.0,
                            0.0,
                            0.0
                        ],
                        [
                            0.0,
                            0.0,
                            1.0,
                            1.0
                        ],
                        [
                            0.0,
                            0.0,
                            0.0,
                            1.0
                        ]
                    ]
                }
            }
        }
    }
}