{
    "scene": "new_scene.json",
    "camera": {
        "default_position": {
            "x": 0.0,
            "y": 0.0,
            "z": 0.0
        },
        "translation": {
            "x": -0.823203967409901,
            "y": 0.12916518588448894,
            "z": 0.49331061867252524
        },
        "default_direction": {
            "x": 0.0,
            "y": 0.0,
            "z": 1.0
        },
        "direction": {
            "x": 0.921536116724506,
            "y": -0.2130303862749768,
            "z": 0.32463708983394346
        },
        "default_up": {
            "x": 0.0,
            "y": 1.0,
            "z": 0.0
        },
        "up": {
            "x": 0.20092736720662657,
            "y": 0.9770455744352635,
            "z": 0.07078233242751517
        },
        "rotation": {
            "x": 12.300000000000013,
            "y": 70.59375000000095,
            "z": 0.0
        }
    },
    "bg_color": {
        "r": 0,
        "g": 0,
        "b": 255
    },
    "line_color": {
        "r": 0,
        "g": 255,
        "b": 0
    },
    "fill_color": {
        "r": 255,
        "g": 0,
        "b": 0
    },
    "light": {
        "type": "directional",
        "enabled": true,
        "color": {
            "r": 60,
            "g": 159,
            "b": 60
        },
        "intensity": 1.0,
        "minimum_exposure": 0.5,
        "model": "arrow.obj",
        "position": {
            "x": 0.0,
            "y": 0.0,
            "z": 0.5
        },
        "rotation": {
            "x": 35.06501706200638,
            "y": 48.586821027093805,
            "z": -0.0
        },
        "direction": {
            "x": 0.6138418733409128,
            "y": -0.5745056093087701,
            "z": 0.5414253959744385
        },
        "up": {
            "x": 0.43085561615436907,
            "y": 0.8185006443936124,
            "z": 0.38002649007073214
        },
        "scale": {
            "x": 1.0,
            "y": 1.0,
            "z": 1.0
        }
    },
    "models": {
        "cube.obj": {
            "instances": {
                "first_instance": {
                    "show": true,
                    "translation": {
                        "x": 0.0,
                        "y": -0.2,
                        "z": 1.0
                    },
                    "rotation": {
                        "y": 0.0,
                        "x": 0.0,
                        "z": 0.0
                    },
                    "scale": {
                        "x": 1.0,
                        "y": 1.0,
                        "z": 1.0
                    },
                    "model_to_world": [
                        [
                            1.0,
                            0.0,
                            0.0,
                            0.0
                        ],
                        [
                            0.0,
                            1.0,
                            0.0,
                            -0.2
                        ],
                        [
                            0.0,
                            0.0,
                            1.0,
                            1.0
                        ],
                        [
                            0.0,
                            0.0,
                            0.0,
                            1.0
                        ]
                    ]
                }
            }
        }
    }
}